sourceUrl,destinationUrl,boldPublisher_id,statusCode,domainKey
https://resident.com/tag/alexandra-auder,/,5548,301,resident
https://resident.com/tag/nest,/,5548,301,resident
https://resident.com/tag/trend,/,5548,301,resident
https://resident.com/tag/christian-dior,/,5548,301,resident
https://resident.com/tag/fashionista,/,5548,301,resident
https://resident.com/tag/food-trip,/,5548,301,resident
https://resident.com/tag/la-dining,/,5548,301,resident
https://resident.com/tag/la-ronda,/,5548,301,resident
https://resident.com/tag/wine-country-ontario,/,5548,301,resident
https://resident.com/tag/consuelo-costin,/,5548,301,resident
https://resident.com/tag/dinner,/,5548,301,resident
https://resident.com/tag/dishes,/,5548,301,resident
https://resident.com/tag/employee,/,5548,301,resident
https://resident.com/tag/hinoki-and-the-bird,/,5548,301,resident
https://resident.com/tag/kelly-bensimon,/,5548,301,resident
https://resident.com/tag/lyss-stern,/,5548,301,resident
https://resident.com/tag/steamboat,/,5548,301,resident
https://resident.com/tag/the-venue,/,5548,301,resident
https://resident.com/tag/bedroom,/,5548,301,resident
https://resident.com/tag/bobby-vans-bridgehampton,/,5548,301,resident
https://resident.com/tag/bosch,/,5548,301,resident
https://resident.com/tag/calabria,/,5548,301,resident
https://resident.com/tag/silversea-cruise,/,5548,301,resident
https://resident.com/tag/talk,/,5548,301,resident
https://resident.com/tag/compassion,/,5548,301,resident
https://resident.com/tag/south-florida,/,5548,301,resident
https://resident.com/tag/extraordinary,/,5548,301,resident
https://resident.com/tag/new-england,/,5548,301,resident
https://resident.com/tag/south-america,/,5548,301,resident
https://resident.com/tag/animal,/,5548,301,resident
https://resident.com/tag/condado-plaza-hilton,/,5548,301,resident
https://resident.com/tag/el-convento-hotel,/,5548,301,resident
https://resident.com/tag/lovebinetti,/,5548,301,resident
https://resident.com/tag/miami-lifestyle,/,5548,301,resident
https://resident.com/tag/south-florida-events,/,5548,301,resident
https://resident.com/tag/efficiency,/,5548,301,resident
https://resident.com/tag/alessandro-ford-rippolone,/,5548,301,resident
https://resident.com/tag/dinner-spot,/,5548,301,resident
https://resident.com/tag/nycfoodadventure,/,5548,301,resident
https://resident.com/tag/brand-ambassador,/,5548,301,resident
https://resident.com/tag/excellent,/,5548,301,resident
https://resident.com/tag/gift-guide,/,5548,301,resident
https://resident.com/tag/punta-mita,/,5548,301,resident
https://resident.com/tag/the-justice-league,/,5548,301,resident
https://resident.com/tag/christina-hendricks,/,5548,301,resident
https://resident.com/tag/golden-globes,/,5548,301,resident
https://resident.com/tag/southampton-inn,/,5548,301,resident
https://resident.com/tag/frederick-anderson,/,5548,301,resident
https://resident.com/tag/businessexpansion,/,5548,301,resident
https://resident.com/tag/businessventure,/,5548,301,resident
https://resident.com/tag/massachusetts,/,5548,301,resident
https://resident.com/tag/rainforest,/,5548,301,resident
https://resident.com/tag/top-50-best-luxury-media-in-the-world,/,5548,301,resident
https://resident.com/tag/victoria-veytsman,/,5548,301,resident
https://resident.com/tag/customerexperience,/,5548,301,resident
https://resident.com/tag/globalhealth,/,5548,301,resident
https://resident.com/tag/jamie-cullum,/,5548,301,resident
https://resident.com/tag/ocrfa,/,5548,301,resident
https://resident.com/tag/papillion-bistro-bar,/,5548,301,resident
https://resident.com/tag/sag-aftra,/,5548,301,resident
https://resident.com/tag/businesssafeguard,/,5548,301,resident
https://resident.com/tag/olsen-twins,/,5548,301,resident
https://resident.com/tag/investinrealestate,/,5548,301,resident
https://resident.com/tag/presidential-suite,/,5548,301,resident
https://resident.com/tag/arizona,/,5548,301,resident
https://resident.com/tag/cajuncuisine,/,5548,301,resident
https://resident.com/tag/marianne-fonseca,/,5548,301,resident
https://resident.com/tag/caribbeanvibes,/,5548,301,resident
https://resident.com/tag/chef-daniel,/,5548,301,resident
https://resident.com/tag/cityguide,/,5548,301,resident
https://resident.com/tag/galapagos,/,5548,301,resident
https://resident.com/tag/swimwear-looks,/,5548,301,resident
https://resident.com/tag/ticketsonsale,/,5548,301,resident
https://resident.com/tag/vma,/,5548,301,resident
https://resident.com/tag/wellnessoasis,/,5548,301,resident
https://resident.com/tag/chicago-skyline,/,5548,301,resident
https://resident.com/tag/maaji-swim-wear,/,5548,301,resident
https://resident.com/tag/x-men,/,5548,301,resident
https://resident.com/tag/exploreonabudget,/,5548,301,resident
https://resident.com/tag/granger-smith-featuring-earl-dibbles-jr,/,5548,301,resident
https://resident.com/tag/amanda-warren,/,5548,301,resident
https://resident.com/tag/cocktail-dress,/,5548,301,resident
https://resident.com/tag/b-matthews-eatery,/,5548,301,resident
https://resident.com/tag/green,/,5548,301,resident
https://resident.com/tag/macakizi-bodrum,/,5548,301,resident
https://resident.com/tag/netherlands,/,5548,301,resident
https://resident.com/tag/resident-interview,/,5548,301,resident
https://resident.com/tag/application,/,5548,301,resident
https://resident.com/tag/bela-pinter,/,5548,301,resident
https://resident.com/tag/bobo,/,5548,301,resident
https://resident.com/tag/casimir-and-co,/,5548,301,resident
https://resident.com/tag/hot-97,/,5548,301,resident
https://resident.com/tag/in-water-boat-show,/,5548,301,resident
https://resident.com/tag/lou-caimano,/,5548,301,resident
https://resident.com/tag/post-modern,/,5548,301,resident
https://resident.com/tag/shea,/,5548,301,resident
https://resident.com/tag/the,/,5548,301,resident
https://resident.com/tag/travel-technology,/,5548,301,resident
https://resident.com/tag/wynn-resort-encore,/,5548,301,resident
https://resident.com/tag/adam-stefanowski,/,5548,301,resident
https://resident.com/tag/luna-benai,/,5548,301,resident
https://resident.com/tag/miamievent,/,5548,301,resident
https://resident.com/tag/cherien-dabis,/,5548,301,resident
https://resident.com/tag/new-york-spa-week,/,5548,301,resident
https://resident.com/tag/france,/,5548,301,resident
https://resident.com/tag/abelhorvath,/,5548,301,resident
https://resident.com/tag/american-cancer-society,/,5548,301,resident
https://resident.com/tag/central-america,/,5548,301,resident
https://resident.com/tag/fox,/,5548,301,resident
https://resident.com/tag/luxelist,/,5548,301,resident
https://resident.com/tag/roberto,/,5548,301,resident
https://resident.com/tag/taiko-en,/,5548,301,resident
https://resident.com/tag/thomas-jefferson,/,5548,301,resident
https://resident.com/tag/uries,/,5548,301,resident
https://resident.com/tag/annalynne-mccord,/,5548,301,resident
https://resident.com/tag/food-network,/,5548,301,resident
https://resident.com/tag/hyatt,/,5548,301,resident
https://resident.com/tag/soho-beach-house,/,5548,301,resident
https://resident.com/tag/50-year-old-tawny,/,5548,301,resident
https://resident.com/tag/paige,/,5548,301,resident
https://resident.com/tag/ebook,/,5548,301,resident
https://resident.com/tag/lindsay-moran,/,5548,301,resident
https://resident.com/tag/merilee-kern,/,5548,301,resident
https://resident.com/tag/patrick-mcenroe,/,5548,301,resident
https://resident.com/tag/apartments,/,5548,301,resident
https://resident.com/tag/gaby-pacheco,/,5548,301,resident
https://resident.com/tag/intercontinentalla,/,5548,301,resident
https://resident.com/tag/court-of-two-sisters,/,5548,301,resident
https://resident.com/tag/sergei-diaghilev,/,5548,301,resident
https://resident.com/tag/wynwood-events,/,5548,301,resident
https://resident.com/tag/jean-pierre-bacri,/,5548,301,resident
https://resident.com/tag/nirvana,/,5548,301,resident
https://resident.com/tag/nypd-health-and-wellness-section,/,5548,301,resident
https://resident.com/tag/realestatelisting,/,5548,301,resident
https://resident.com/tag/seasidegetaways,/,5548,301,resident
https://resident.com/tag/sonesta,/,5548,301,resident
https://resident.com/tag/victoria-secret-model,/,5548,301,resident
https://resident.com/tag/beverly-hills,/,5548,301,resident
https://resident.com/tag/boho-house-miami,/,5548,301,resident
https://resident.com/tag/broward-county-convention-center,/,5548,301,resident
https://resident.com/tag/cars,/,5548,301,resident
https://resident.com/tag/colorado,/,5548,301,resident
https://resident.com/tag/country-bank,/,5548,301,resident
https://resident.com/tag/creativity,/,5548,301,resident
https://resident.com/tag/drsorenmwhite,/,5548,301,resident
https://resident.com/tag/effectiveoperations,/,5548,301,resident
https://resident.com/tag/event,/,5548,301,resident
https://resident.com/tag/grilling,/,5548,301,resident
https://resident.com/tag/helpingcancerpatients,/,5548,301,resident
https://resident.com/tag/mark-doman,/,5548,301,resident
https://resident.com/tag/megan-boone,/,5548,301,resident
https://resident.com/tag/melissa,/,5548,301,resident
https://resident.com/tag/memories,/,5548,301,resident
https://resident.com/tag/motorola-razr,/,5548,301,resident
https://resident.com/tag/nun-assisi-relais-spa-museum,/,5548,301,resident
https://resident.com/tag/st-kitts-marriott-resort,/,5548,301,resident
https://resident.com/tag/stylishoffice,/,5548,301,resident
https://resident.com/tag/stylist-nolan-meader,/,5548,301,resident
https://resident.com/tag/swimsuit-issue,/,5548,301,resident
https://resident.com/tag/the-plaza,/,5548,301,resident
https://resident.com/tag/usmc-color-guard,/,5548,301,resident
https://resident.com/tag/akkezdet-phiai,/,5548,301,resident
https://resident.com/tag/citybrunching,/,5548,301,resident
https://resident.com/tag/management,/,5548,301,resident
https://resident.com/tag/miamitourism,/,5548,301,resident
https://resident.com/tag/nycfoodiefaves,/,5548,301,resident
https://resident.com/tag/salt,/,5548,301,resident
https://resident.com/tag/sls-brickell,/,5548,301,resident
https://resident.com/tag/successahead,/,5548,301,resident
https://resident.com/tag/sunglassesfeatures,/,5548,301,resident
https://resident.com/tag/u-s,/,5548,301,resident
https://resident.com/tag/alps,/,5548,301,resident
https://resident.com/tag/jpod,/,5548,301,resident
https://resident.com/tag/localeats,/,5548,301,resident
https://resident.com/tag/on-location,/,5548,301,resident
https://resident.com/tag/communityevent,/,5548,301,resident
https://resident.com/tag/cover-story-of-the-month,/,5548,301,resident
https://resident.com/tag/hamptonsescape,/,5548,301,resident
https://resident.com/tag/horin-entei,/,5548,301,resident
https://resident.com/tag/brunchtime,/,5548,301,resident
https://resident.com/tag/flavors,/,5548,301,resident
https://resident.com/tag/stars-of-today,/,5548,301,resident
https://resident.com/tag/vegetables,/,5548,301,resident
https://resident.com/tag/casa-la-femme,/,5548,301,resident
https://resident.com/tag/cunard-royal-rendezvous,/,5548,301,resident
https://resident.com/tag/groover,/,5548,301,resident
https://resident.com/tag/hairtoolkit,/,5548,301,resident
https://resident.com/tag/lolos-seafood-shack,/,5548,301,resident
https://resident.com/tag/makeup,/,5548,301,resident
https://resident.com/tag/2017,/,5548,301,resident
https://resident.com/tag/adult,/,5548,301,resident
https://resident.com/tag/asap-rocky,/,5548,301,resident
https://resident.com/tag/nolamusicscene,/,5548,301,resident
https://resident.com/tag/peep,/,5548,301,resident
https://resident.com/tag/soulfulsounds,/,5548,301,resident
https://resident.com/tag/the-front-page,/,5548,301,resident
https://resident.com/tag/theater-review,/,5548,301,resident
https://resident.com/tag/al-thumama-stadium,/,5548,301,resident
https://resident.com/tag/education-city-stadium,/,5548,301,resident
https://resident.com/tag/equality-now,/,5548,301,resident
https://resident.com/tag/hugo-bumfeldt,/,5548,301,resident
https://resident.com/tag/resident-new-york,/,5548,301,resident
https://resident.com/tag/beauty-product,/,5548,301,resident
https://resident.com/tag/financial,/,5548,301,resident
https://resident.com/tag/gyorgy-ligeti,/,5548,301,resident
https://resident.com/tag/maggie-gyllenhaal,/,5548,301,resident
https://resident.com/tag/nicky-hilton-rothschild,/,5548,301,resident
https://resident.com/tag/sleep,/,5548,301,resident
https://resident.com/tag/arlenis-sosa,/,5548,301,resident
https://resident.com/tag/bank,/,5548,301,resident
https://resident.com/tag/bourbon-orleans-hotel,/,5548,301,resident
https://resident.com/tag/castamatidis,/,5548,301,resident
https://resident.com/tag/chef-bill-kim,/,5548,301,resident
https://resident.com/tag/gourmetinnyc,/,5548,301,resident
https://resident.com/tag/hamptons-interactive-brunch,/,5548,301,resident
https://resident.com/tag/lawrence-jones,/,5548,301,resident
https://resident.com/tag/nevada,/,5548,301,resident
https://resident.com/tag/paparazzi,/,5548,301,resident
https://resident.com/tag/pierre-yves-rochon,/,5548,301,resident
https://resident.com/tag/porn,/,5548,301,resident
https://resident.com/tag/productivity,/,5548,301,resident
https://resident.com/tag/pulled-apart-by-horses,/,5548,301,resident
https://resident.com/tag/ruffle-mini,/,5548,301,resident
https://resident.com/tag/social-media-influencer,/,5548,301,resident
https://resident.com/tag/the-edinburgh-festival-fringe,/,5548,301,resident
https://resident.com/tag/uchi,/,5548,301,resident
https://resident.com/tag/deer-valley-resort,/,5548,301,resident
https://resident.com/tag/limahuli-garden-and-preserve,/,5548,301,resident
https://resident.com/tag/marina-del-rey,/,5548,301,resident
https://resident.com/tag/mettle-property-group,/,5548,301,resident
https://resident.com/tag/sex-pistols,/,5548,301,resident
https://resident.com/tag/luis,/,5548,301,resident
https://resident.com/tag/peterfi-bori-and-the-love-band,/,5548,301,resident
https://resident.com/tag/touch-the-earth,/,5548,301,resident
https://resident.com/tag/beverly-hills-90210,/,5548,301,resident
https://resident.com/tag/buildyourdream,/,5548,301,resident
https://resident.com/tag/cphfw,/,5548,301,resident
https://resident.com/tag/fazz-now-then,/,5548,301,resident
https://resident.com/tag/guido,/,5548,301,resident
https://resident.com/tag/inspiration,/,5548,301,resident
https://resident.com/tag/mano,/,5548,301,resident
https://resident.com/tag/tasteofneworleans,/,5548,301,resident
https://resident.com/tag/two-roads,/,5548,301,resident
https://resident.com/tag/al-sadd-sc,/,5548,301,resident
https://resident.com/tag/bezoge,/,5548,301,resident
https://resident.com/tag/bucifashion,/,5548,301,resident
https://resident.com/tag/elegantaffair,/,5548,301,resident
https://resident.com/tag/fifa-world-cup,/,5548,301,resident
https://resident.com/tag/khalifa-international-stadium,/,5548,301,resident
https://resident.com/tag/los-angeles-actress,/,5548,301,resident
https://resident.com/tag/nijinsky,/,5548,301,resident
https://resident.com/tag/paris-saint-germain,/,5548,301,resident
https://resident.com/tag/sailing,/,5548,301,resident
https://resident.com/tag/the-mark-hotel,/,5548,301,resident
https://resident.com/tag/worlds-best-business-class-onboard-catering,/,5548,301,resident
https://resident.com/tag/:param1,/,5548,301,resident
https://resident.com/tag/attendees/page/58,/,5548,301,resident
https://resident.com/tag/brunch,/,5548,301,resident
https://resident.com/tag/culinary-adventure,/,5548,301,resident
https://resident.com/tag/danessa-myricks,/,5548,301,resident
https://resident.com/tag/enjoy/page/32,/,5548,301,resident
https://resident.com/tag/gifts-for-guys,/,5548,301,resident
https://resident.com/tag/imbibe/page/47,/,5548,301,resident
https://resident.com/tag/nycfoodscene,/,5548,301,resident
https://resident.com/tag/ocrfa/page/2,/,5548,301,resident
https://resident.com/tag/parents/page/2,/,5548,301,resident
https://resident.com/tag/rome,/,5548,301,resident
https://resident.com/tag/wellness/page/5,/,5548,301,resident
https://resident.com/tag/willy-monfret,/,5548,301,resident
https://resident.com/tag/belgium-top-hotels,/,5548,301,resident
https://resident.com/tag/consumer,/,5548,301,resident
https://resident.com/tag/culture/page/5,/,5548,301,resident
https://resident.com/tag/enjoy/page/37,/,5548,301,resident
https://resident.com/tag/gifts-for-men/page/2,/,5548,301,resident
https://resident.com/tag/kawaii-experience,/,5548,301,resident
https://resident.com/tag/lgbtqia-youth,/,5548,301,resident
https://resident.com/tag/makeup/page/10,/,5548,301,resident
https://resident.com/tag/music/page/4,/,5548,301,resident
https://resident.com/tag/music/page/45,/,5548,301,resident
https://resident.com/tag/pizzeria,/,5548,301,resident
https://resident.com/tag/process,/,5548,301,resident
https://resident.com/tag/real-estate-florida,/,5548,301,resident
https://resident.com/tag/site/page/27,/,5548,301,resident
https://resident.com/tag/talented/page/13,/,5548,301,resident
https://resident.com/tag/tampa,/,5548,301,resident
https://resident.com/tag/timesavingtips,/,5548,301,resident
https://resident.com/tag/1-hotel-south-beach,/,5548,301,resident
https://resident.com/tag/75-main,/,5548,301,resident
https://resident.com/tag/alicia-keys,/,5548,301,resident
https://resident.com/tag/housing,/,5548,301,resident
https://resident.com/tag/ny-resident/page/198,/,5548,301,resident
https://resident.com/tag/places/page/35,/,5548,301,resident
https://resident.com/tag/resident,/,5548,301,resident
https://resident.com/tag/sharp/page/16,/,5548,301,resident
https://resident.com/tag/backpack/page/30,/,5548,301,resident
https://resident.com/tag/benettoncollection,/,5548,301,resident
https://resident.com/tag/resident/page/165,/,5548,301,resident
https://resident.com/tag/spring,/,5548,301,resident
https://resident.com/tag/travle-destinations,/,5548,301,resident
https://resident.com/tag/art-miami,/,5548,301,resident
https://resident.com/tag/discovermiami,/,5548,301,resident
https://resident.com/tag/gifts,/,5548,301,resident
https://resident.com/tag/oilyhair,/,5548,301,resident
https://resident.com/tag/philantrophy,/,5548,301,resident
https://resident.com/tag/pritika-swarup,/,5548,301,resident
https://resident.com/tag/rap,/,5548,301,resident
https://resident.com/tag/sarah-potempa,/,5548,301,resident
https://resident.com/tag/scanner,/,5548,301,resident
https://resident.com/tag/style/page/22,/,5548,301,resident
https://resident.com/tag/whimsical,/,5548,301,resident
https://resident.com/tag/campaign,/,5548,301,resident
https://resident.com/tag/empowermentseminar,/,5548,301,resident
https://resident.com/tag/grace-hotels,/,5548,301,resident
https://resident.com/tag/health/page/3,/,5548,301,resident
https://resident.com/tag/immigration,/,5548,301,resident
https://resident.com/tag/michelin-guide,/,5548,301,resident
https://resident.com/tag/new-york-food,/,5548,301,resident
https://resident.com/tag/new-york-resident,/,5548,301,resident
https://resident.com/tag/pilgrim,/,5548,301,resident
https://resident.com/tag/serving/page/3,/,5548,301,resident
https://resident.com/tag/mount-marcy,/,5548,301,resident
https://resident.com/index.html,/,5548,301,resident
https://resident.com/category/resident-hamptons,/,5548,301,resident
https://resident.com/category/resident-picks,/,5548,301,resident
https://resident.com/fashion-and-style/2024/01/18/fear-of-god-athletics-the-2023-2024-season-launches-in-nyc,/,5548,301,resident